,first_name,last_name,department,salary,employee_id
0,Olivier,Caldwell,Finance,88562.8,1
1,Augustin,Cholmondeley,Operations,32702.03,2
2,Adolphe,Hiscoe,Marketing,51209.14,3
3,Louise,Bellham,HR,34115.51,4
4,Hilario,Boshell,HR,70539.22,5
5,Constance,Byfford,Finance,51635.52,6
6,Shawn,Mitskevich,IT,36088.31,7
7,Lou,Attewill,Operations,41592.01,8
8,Lacee,Sichardt,Marketing,48541.9,9
9,Friedrick,Penticoot,Marketing,96450.7,10
10,Beniamino,Struss,Marketing,55073.41,11
11,Minerva,Connichie,Operations,84825.93,12
12,Riccardo,Newby,Marketing,80038.49,13
13,Carolus,Santer,Marketing,71947.74,14
14,Tore,Swatten,HR,41904.27,15
15,Kristofor,Beumant,IT,42682.04,16
16,Roseline,Siggs,Operations,52799.22,17
17,Maureene,Corkhill,IT,99808.28,18
18,Lionello,Minchin,IT,51933.96,19
19,Irwinn,Stockbridge,Marketing,66118.55,20
20,Allan,Chaffyn,IT,51708.02,21
21,Sal,Eastmead,Finance,77260.19,22
22,Matilde,Hartnell,HR,88313.6,23
23,Berti,Louisot,Finance,31830.94,24
24,Adam,Mecchi,Finance,32479.4,25
25,Carmelina,Chivers,IT,41715.28,26
26,Cymbre,Beevis,Operations,63346.7,27
27,Davide,Moxsom,IT,46826.33,28
28,Tabina,Ausiello,HR,44328.12,29
29,Mendy,Olenichev,IT,38916.93,30
30,Alfonso,Decaze,Finance,90632.46,31
31,Elianora,Nelligan,Marketing,43638.95,32
32,Sander,Dewdeny,Operations,69537.94,33
33,Em,Upfold,Operations,48995.29,34
34,Brien,McCahill,HR,48482.43,35
35,Leland,Meaney,Marketing,90842.69,36
36,Brietta,Creyke,Operations,58335.95,37
37,Danielle,Skull,Marketing,35851.39,38
38,Tiffy,Brecknock,IT,71838.99,39
39,Rosco,McCarry,Finance,48308.72,40
40,Kerk,Geekie,Marketing,83277.73,41
41,Georg,Kaubisch,HR,98837.7,42
42,Koo,Whiskerd,HR,71403.41,43
43,Trace,Jurkowski,HR,65607.65,44
44,Ulick,Brandenberg,Finance,66976.22,45
45,Tiffany,Beckwith,IT,63729.54,46
46,Wainwright,Dowsett,Finance,76346.69,47
47,Averell,Elvidge,IT,31393.27,48
48,Johan,Blenkensop,HR,96607.61,49
49,Magda,Rudkin,HR,53122.56,50
50,Lolly,Maiklem,Operations,36655.42,51
51,Lavinie,Lyffe,HR,31091.54,52
52,Obed,Tincey,Operations,39706.49,53
53,Hurley,Blaise,HR,49335.59,54
54,Jorrie,Minchin,HR,93634.08,55
55,Corry,Hocking,Operations,84574.48,56
56,Ophelie,Shellibeer,Marketing,36763.69,57
57,Nil,Geistmann,Finance,57625.24,58
58,Harlin,Phippin,IT,97325.22,59
59,Zedekiah,Ostrich,Finance,33691.7,60
60,Michelina,Perillo,Finance,90488.02,61
61,Saunder,Drinnan,Marketing,63906.41,62
62,Nyssa,Milberry,HR,85265.44,63
63,Kissee,Hails,Operations,51894.66,64
64,Elyn,Oldman,Finance,36421.56,65
65,Stefan,Boule,Marketing,48597.75,66
66,Katharina,Zavattari,HR,40528.88,67
67,Dore,Lyal,IT,82467.2,68
68,Noella,Tyzack,Marketing,72089.51,69
69,Michele,Levitt,Finance,90642.48,70
70,Aron,Aspland,Marketing,50415.26,71
71,Liuka,Viles,Marketing,37985.63,72
72,Moreen,Bourton,Finance,84195.53,73
73,Lissa,Geraudy,Finance,80427.97,74
74,Jewell,Camp,Marketing,74184.7,75
75,Ken,Haresign,Operations,96470.35,76
76,Wiatt,Davisson,Finance,94742.67,77
77,Giffie,Petroselli,Finance,44458.12,78
78,Clarita,Massenhove,Finance,86292.24,79
79,Sashenka,Jendrach,IT,93290.19,80
80,Aigneis,Gyngyll,Finance,78176.73,81
81,Mychal,Burcombe,Marketing,93375.27,82
82,Wash,McCuthais,Finance,31769.82,83
83,Ramona,Lowrey,Operations,71773.27,84
84,Willy,Dove,HR,55973.05,85
85,Vincenz,Scottini,Operations,83632.76,86
86,Rodi,O'Mullaney,Marketing,92614.4,87
87,Burt,Shegog,Operations,55827.14,88
88,Borg,Birkwood,IT,87186.83,89
89,Farleigh,Bulle,IT,53832.35,90
90,Lancelot,Bridel,Operations,33915.92,91
91,Cher,Reynault,HR,92795.5,92
92,Brent,Turone,IT,91260.81,93
93,Jillian,Mardee,IT,61571.98,94
94,Cary,Matresse,HR,46976.56,95
95,Murdock,Cottle,IT,89422.86,96
96,Orazio,Abbots,Operations,59597.56,97
97,Sophi,Middiff,Marketing,33842.18,98
98,Tatiania,Crossgrove,Finance,79142.73,99
99,Seka,Bluck,Marketing,73554.54,100
